Counties,Sex,Cancer,PopTot,AAIR,Cancer_Incidents
Alameda,Male,Prostate,4150512,91.9,3814.320528
Alameda,Female,Prostate,4209494,0.0,0.0
Alameda,Male,Breast,4150512,1.2,49.806144
Alameda,Female,Breast,4209494,125.4,5278.705476
Alameda,Male,Lung,4150512,37.8,1568.8935359999998
Alameda,Female,Lung,4209494,34.3,1443.856442
Alameda,Male,CRC,4150512,34.4,1427.7761279999997
Alameda,Female,CRC,4209494,27.6,1161.8203440000002
Alameda,Male,Mela,4150512,25.5,1058.38056
Alameda,Female,Mela,4209494,15.1,635.6335939999999
Alameda,Male,Uterine,4150512,0.0,0.0
Alameda,Female,Uterine,4209494,27.2,1144.982368
Alameda,Male,Lymph,4150512,22.4,929.714688
Alameda,Female,Lymph,4209494,15.0,631.4241
Alameda,Male,Urinary,4150512,24.1,1000.2733920000001
Alameda,Female,Urinary,4209494,5.7,239.941158
Alameda,Male,Kidney,4150512,17.5,726.3396
Alameda,Female,Kidney,4209494,8.5,357.80699000000004
Alameda,Male,Thyroid,4150512,5.6,232.428672
Alameda,Female,Thyroid,4209494,14.9,627.2146060000001
Alameda,Male,Liver,4150512,13.6,564.469632
Alameda,Female,Liver,4209494,5.6,235.731664
Alameda,Male,Pancreas,4150512,13.8,572.770656
Alameda,Female,Pancreas,4209494,11.0,463.04434000000003
Alameda,Male,AllSite,4150512,385.9,16016.825807999998
Alameda,Female,AllSite,4209494,369.7,15562.499317999998
Alpine,Male,Prostate,3286,129.8,4.2652280000000005
Alpine,Female,Prostate,2757,0.0,0.0
Alpine,Male,Breast,3286,0.0,0.0
Alpine,Female,Breast,2757,44.9,1.237893
Alpine,Male,Lung,3286,0.0,0.0
Alpine,Female,Lung,2757,25.5,0.7030350000000001
Alpine,Male,CRC,3286,11.6,0.381176
Alpine,Female,CRC,2757,0.0,0.0
Alpine,Male,Mela,3286,11.6,0.381176
Alpine,Female,Mela,2757,14.3,0.394251
Alpine,Male,Uterine,3286,0.0,0.0
Alpine,Female,Uterine,2757,14.3,0.394251
Alpine,Male,Lymph,3286,40.6,1.334116
Alpine,Female,Lymph,2757,0.0,0.0
Alpine,Male,Urinary,3286,26.7,0.877362
Alpine,Female,Urinary,2757,0.0,0.0
Alpine,Male,Kidney,3286,50.6,1.662716
Alpine,Female,Kidney,2757,25.5,0.7030350000000001
Alpine,Male,Thyroid,3286,0.0,0.0
Alpine,Female,Thyroid,2757,74.1,2.042937
Alpine,Male,Liver,3286,25.9,0.851074
Alpine,Female,Liver,2757,0.0,0.0
Alpine,Male,Pancreas,3286,21.7,0.713062
Alpine,Female,Pancreas,2757,14.4,0.397008
Amador,Male,Prostate,109003,99.6,108.566988
Amador,Female,Prostate,91439,0.0,0.0
Amador,Male,Breast,109003,0.4,0.43601199999999996
Amador,Female,Breast,91439,134.9,123.35121100000002
Amador,Male,Lung,109003,51.9,56.572557
Amador,Female,Lung,91439,43.5,39.775965
Amador,Male,CRC,109003,45.4,49.487362
Amador,Female,CRC,91439,34.6,31.637894
Amador,Male,Mela,109003,43.2,47.089296000000004
Amador,Female,Mela,91439,20.6,18.836434
Amador,Male,Uterine,109003,0.0,0.0
Amador,Female,Uterine,91439,19.8,18.104922000000002
Amador,Male,Lymph,109003,18.9,20.601567
Amador,Female,Lymph,91439,16.5,15.087435
Amador,Male,Urinary,109003,34.2,37.279026
Amador,Female,Urinary,91439,9.1,8.320949
Amador,Male,Kidney,109003,26.1,28.449783
Amador,Female,Kidney,91439,9.7,8.869583
Amador,Male,Thyroid,109003,4.5,4.9051350000000005
Amador,Female,Thyroid,91439,13.0,11.88707
Amador,Male,Liver,109003,24.5,26.705735
Amador,Female,Liver,91439,4.9,4.480511000000001
Amador,Male,Pancreas,109003,11.4,12.426342
Amador,Female,Pancreas,91439,7.6,6.949363999999999
Amador,Male,AllSite,109003,482.3,525.721469
Amador,Female,AllSite,91439,386.3,353.228857
Butte,Male,Prostate,540858,121.8,658.765044
Butte,Female,Prostate,545939,0.0,0.0
Butte,Male,Breast,540858,0.8,4.326864
Butte,Female,Breast,545939,131.8,719.5476020000001
Butte,Male,Lung,540858,54.3,293.68589399999996
Butte,Female,Lung,545939,51.2,279.520768
Butte,Male,CRC,540858,46.1,249.335538
Butte,Female,CRC,545939,36.6,199.813674
Butte,Male,Mela,540858,45.2,244.46781600000003
Butte,Female,Mela,545939,29.7,162.14388300000002
Butte,Male,Uterine,540858,0.0,0.0
Butte,Female,Uterine,545939,23.9,130.479421
Butte,Male,Lymph,540858,23.2,125.479056
Butte,Female,Lymph,545939,17.4,94.99338599999999
Butte,Male,Urinary,540858,36.9,199.57660199999998
Butte,Female,Urinary,545939,8.7,47.49669299999999
Butte,Male,Kidney,540858,19.7,106.549026
Butte,Female,Kidney,545939,10.6,57.869534
Butte,Male,Thyroid,540858,4.9,26.502042000000003
Butte,Female,Thyroid,545939,20.2,110.279678
Butte,Male,Liver,540858,14.5,78.42441
Butte,Female,Liver,545939,6.4,34.940096
Butte,Male,Pancreas,540858,16.9,91.405002
Butte,Female,Pancreas,545939,13.9,75.885521
Butte,Male,AllSite,540858,521.8,2822.1970439999996
Butte,Female,AllSite,545939,460.8,2515.686912
Calaveras,Male,Prostate,113685,98.1,111.52498499999999
Calaveras,Female,Prostate,113038,0.0,0.0
Calaveras,Male,Breast,113685,1.7,1.932645
Calaveras,Female,Breast,113038,128.1,144.801678
Calaveras,Male,Lung,113685,45.6,51.840360000000004
Calaveras,Female,Lung,113038,43.7,49.397606
Calaveras,Male,CRC,113685,37.1,42.177135
Calaveras,Female,CRC,113038,31.8,35.946084000000006
Calaveras,Male,Mela,113685,26.6,30.24021
Calaveras,Female,Mela,113038,24.8,28.033424
Calaveras,Male,Uterine,113685,0.0,0.0
Calaveras,Female,Uterine,113038,24.1,27.242158
Calaveras,Male,Lymph,113685,11.9,13.528515
Calaveras,Female,Lymph,113038,11.9,13.451522
Calaveras,Male,Urinary,113685,32.9,37.402364999999996
Calaveras,Female,Urinary,113038,9.0,10.17342
Calaveras,Male,Kidney,113685,24.0,27.2844
Calaveras,Female,Kidney,113038,14.5,16.39051
Calaveras,Male,Thyroid,113685,6.2,7.04847
Calaveras,Female,Thyroid,113038,11.2,12.660256
Calaveras,Male,Liver,113685,12.1,13.755885
Calaveras,Female,Liver,113038,3.9,4.408482
Calaveras,Male,Pancreas,113685,13.9,15.802214999999999
Calaveras,Female,Pancreas,113038,9.1,10.286458
Calaveras,Male,AllSite,113685,431.9,491.005515
Calaveras,Female,AllSite,113038,406.2,459.160356
Colusa,Male,Prostate,55789,88.6,49.429054
Colusa,Female,Prostate,53236,0.0,0.0
Colusa,Male,Breast,55789,0.0,0.0
Colusa,Female,Breast,53236,100.7,53.608652000000006
Colusa,Male,Lung,55789,40.4,22.538756
Colusa,Female,Lung,53236,41.9,22.305884
Colusa,Male,CRC,55789,34.2,19.079838000000002
Colusa,Female,CRC,53236,43.6,23.210896
Colusa,Male,Mela,55789,12.6,7.029414
Colusa,Female,Mela,53236,11.8,6.281848
Colusa,Male,Uterine,55789,0.0,0.0
Colusa,Female,Uterine,53236,20.1,10.700436
Colusa,Male,Lymph,55789,11.1,6.192579
Colusa,Female,Lymph,53236,13.1,6.973915999999999
Colusa,Male,Urinary,55789,26.2,14.616717999999999
Colusa,Female,Urinary,53236,8.0,4.25888
Colusa,Male,Kidney,55789,18.6,10.376754000000002
Colusa,Female,Kidney,53236,4.1,2.182676
Colusa,Male,Thyroid,55789,9.4,5.244166000000001
Colusa,Female,Thyroid,53236,13.4,7.133624
Colusa,Male,Liver,55789,11.9,6.638891
Colusa,Female,Liver,53236,8.6,4.578295999999999
Colusa,Male,Pancreas,55789,9.5,5.299955000000001
Colusa,Female,Pancreas,53236,9.3,4.950948
Colusa,Male,AllSite,55789,393.1,219.30655900000002
Colusa,Female,AllSite,53236,361.0,192.18196
Contra Costa,Male,Prostate,2863164,100.1,2866.0271639999996
Contra Costa,Female,Prostate,2946234,0.0,0.0
Contra Costa,Male,Breast,2863164,0.9,25.768476
Contra Costa,Female,Breast,2946234,135.6,3995.093304
Contra Costa,Male,Lung,2863164,38.4,1099.454976
Contra Costa,Female,Lung,2946234,36.7,1081.267878
Contra Costa,Male,CRC,2863164,38.3,1096.591812
Contra Costa,Female,CRC,2946234,30.9,910.3863059999999
Contra Costa,Male,Mela,2863164,40.0,1145.2656
Contra Costa,Female,Mela,2946234,22.5,662.90265
Contra Costa,Male,Uterine,2863164,0.0,0.0
Contra Costa,Female,Uterine,2946234,27.1,798.4294140000001
Contra Costa,Male,Lymph,2863164,22.5,644.2119
Contra Costa,Female,Lymph,2946234,16.0,471.39744
Contra Costa,Male,Urinary,2863164,28.1,804.549084
Contra Costa,Female,Urinary,2946234,6.5,191.50520999999998
Contra Costa,Male,Kidney,2863164,21.0,601.26444
Contra Costa,Female,Kidney,2946234,9.4,276.94599600000004
Contra Costa,Male,Thyroid,2863164,7.1,203.284644
Contra Costa,Female,Thyroid,2946234,16.8,494.96731200000005
Contra Costa,Male,Liver,2863164,11.2,320.674368
Contra Costa,Female,Liver,2946234,4.9,144.36546600000003
Contra Costa,Male,Pancreas,2863164,14.8,423.74827200000004
Contra Costa,Female,Pancreas,2946234,11.3,332.924442
Contra Costa,Male,AllSite,2863164,430.6,12328.784184
Contra Costa,Female,AllSite,2946234,400.2,11790.828467999998
Del Norte,Male,Prostate,74814,58.9,44.065446
Del Norte,Female,Prostate,62938,0.0,0.0
Del Norte,Male,Breast,74814,0.0,0.0
Del Norte,Female,Breast,62938,64.3,40.469134000000004
Del Norte,Male,Lung,74814,52.6,39.352164
Del Norte,Female,Lung,62938,58.3,36.692854
Del Norte,Male,CRC,74814,31.6,23.641224
Del Norte,Female,CRC,62938,25.8,16.238004
Del Norte,Male,Mela,74814,25.5,19.07757
Del Norte,Female,Mela,62938,17.8,11.202964000000001
Del Norte,Male,Uterine,74814,0.0,0.0
Del Norte,Female,Uterine,62938,25.3,15.923314000000001
Del Norte,Male,Lymph,74814,26.3,19.676082
Del Norte,Female,Lymph,62938,18.6,11.706468000000001
Del Norte,Male,Urinary,74814,31.5,23.56641
Del Norte,Female,Urinary,62938,4.6,2.8951479999999994
Del Norte,Male,Kidney,74814,15.5,11.59617
Del Norte,Female,Kidney,62938,9.3,5.8532340000000005
Del Norte,Male,Thyroid,74814,0.8,0.5985119999999999
Del Norte,Female,Thyroid,62938,13.2,8.307815999999999
Del Norte,Male,Liver,74814,11.9,8.902866000000001
Del Norte,Female,Liver,62938,6.5,4.0909699999999996
Del Norte,Male,Pancreas,74814,20.6,15.411684000000001
Del Norte,Female,Pancreas,62938,8.3,5.223854000000001
Del Norte,Male,AllSite,74814,366.5,274.19331
Del Norte,Female,AllSite,62938,333.7,210.024106
El Dorado,Male,Prostate,477939,98.5,470.76991499999997
El Dorado,Female,Prostate,475158,0.0,0.0
El Dorado,Male,Breast,477939,0.9,4.301451
El Dorado,Female,Breast,475158,136.0,646.21488
El Dorado,Male,Lung,477939,34.7,165.84483300000002
El Dorado,Female,Lung,475158,36.5,173.43267
El Dorado,Male,CRC,477939,38.9,185.91827099999998
El Dorado,Female,CRC,475158,30.2,143.497716
El Dorado,Male,Mela,477939,44.4,212.204916
El Dorado,Female,Mela,475158,30.6,145.398348
El Dorado,Male,Uterine,477939,0.0,0.0
El Dorado,Female,Uterine,475158,25.8,122.590764
El Dorado,Male,Lymph,477939,17.3,82.683447
El Dorado,Female,Lymph,475158,15.1,71.748858
El Dorado,Male,Urinary,477939,35.7,170.624223
El Dorado,Female,Urinary,475158,7.2,34.211376
El Dorado,Male,Kidney,477939,19.6,93.676044
El Dorado,Female,Kidney,475158,9.7,46.090326
El Dorado,Male,Thyroid,477939,9.1,43.492449
El Dorado,Female,Thyroid,475158,16.9,80.30170199999999
El Dorado,Male,Liver,477939,10.6,50.661534
El Dorado,Female,Liver,475158,3.4,16.155372
El Dorado,Male,Pancreas,477939,11.8,56.396802
El Dorado,Female,Pancreas,475158,13.1,62.24569799999999
El Dorado,Male,AllSite,477939,439.6,2101.0198440000004
El Dorado,Female,AllSite,475158,416.5,1979.0330700000002
"Tulare, Fresno",Male,Prostate,2518259,88.0,2216.06792
"Tulare, Fresno",Female,Prostate,2496652,0.0,0.0
"Tulare, Fresno",Male,Breast,2518259,0.8,20.146072
"Tulare, Fresno",Female,Breast,2496652,111.8,2791.256936
"Tulare, Fresno",Male,Lung,2518259,43.9,1105.515701
"Tulare, Fresno",Female,Lung,2496652,35.2,878.8215040000001
"Tulare, Fresno",Male,CRC,2518259,35.0,881.3906499999999
"Tulare, Fresno",Female,CRC,2496652,29.3,731.519036
"Tulare, Fresno",Male,Mela,2518259,24.8,624.528232
"Tulare, Fresno",Female,Mela,2496652,13.5,337.04802
"Tulare, Fresno",Male,Uterine,2518259,0.0,0.0
"Tulare, Fresno",Female,Uterine,2496652,24.1,601.693132
"Tulare, Fresno",Male,Lymph,2518259,21.6,543.9439440000001
"Tulare, Fresno",Female,Lymph,2496652,14.9,372.00114800000006
"Tulare, Fresno",Male,Urinary,2518259,25.2,634.601268
"Tulare, Fresno",Female,Urinary,2496652,5.2,129.825904
"Tulare, Fresno",Male,Kidney,2518259,24.9,627.046491
"Tulare, Fresno",Female,Kidney,2496652,13.9,347.034628
"Tulare, Fresno",Male,Thyroid,2518259,5.7,143.540763
"Tulare, Fresno",Female,Thyroid,2496652,17.1,426.92749200000003
"Tulare, Fresno",Male,Liver,2518259,19.7,496.097023
"Tulare, Fresno",Female,Liver,2496652,7.7,192.24220400000002
"Tulare, Fresno",Male,Pancreas,2518259,16.0,402.92144
"Tulare, Fresno",Female,Pancreas,2496652,10.6,264.645112
"Tulare, Fresno",Male,AllSite,2518259,419.8,10571.651282
"Tulare, Fresno",Female,AllSite,2496652,374.5,9349.96174
Glenn,Male,Prostate,73239,105.4,77.193906
Glenn,Female,Prostate,70092,0.0,0.0
Glenn,Male,Breast,73239,2.2,1.6112580000000003
Glenn,Female,Breast,70092,114.5,80.25534
Glenn,Male,Lung,73239,58.5,42.844815000000004
Glenn,Female,Lung,70092,53.1,37.218852
Glenn,Male,CRC,73239,49.9,36.546261
Glenn,Female,CRC,70092,29.4,20.607048
Glenn,Male,Mela,73239,34.8,25.487171999999997
Glenn,Female,Mela,70092,28.4,19.906128
Glenn,Male,Uterine,73239,0.0,0.0
Glenn,Female,Uterine,70092,34.1,23.901372
Glenn,Male,Lymph,73239,31.1,22.777329
Glenn,Female,Lymph,70092,27.2,19.065024
Glenn,Male,Urinary,73239,41.7,30.540663000000002
Glenn,Female,Urinary,70092,8.5,5.957820000000001
Glenn,Male,Kidney,73239,23.1,16.918209
Glenn,Female,Kidney,70092,11.9,8.340948000000001
Glenn,Male,Thyroid,73239,5.9,4.3211010000000005
Glenn,Female,Thyroid,70092,21.6,15.139872000000002
Glenn,Male,Liver,73239,20.5,15.013995
Glenn,Female,Liver,70092,4.3,3.013956
Glenn,Male,Pancreas,73239,11.4,8.349246
Glenn,Female,Pancreas,70092,10.0,7.009200000000001
Glenn,Male,AllSite,73239,539.8,395.3441219999999
Glenn,Female,AllSite,70092,450.1,315.48409200000003
Humboldt,Male,Prostate,340492,96.4,328.234288
Humboldt,Female,Prostate,342713,0.0,0.0
Humboldt,Male,Breast,340492,1.4,4.766888
Humboldt,Female,Breast,342713,116.3,398.575219
Humboldt,Male,Lung,340492,53.1,180.801252
Humboldt,Female,Lung,342713,47.4,162.44596199999998
Humboldt,Male,CRC,340492,39.1,133.132372
Humboldt,Female,CRC,342713,34.2,117.207846
Humboldt,Male,Mela,340492,38.4,130.748928
Humboldt,Female,Mela,342713,30.5,104.52746499999999
Humboldt,Male,Uterine,340492,0.0,0.0
Humboldt,Female,Uterine,342713,23.8,81.56569400000001
Humboldt,Male,Lymph,340492,24.1,82.058572
Humboldt,Female,Lymph,342713,18.3,62.716479
Humboldt,Male,Urinary,340492,38.0,129.38696000000002
Humboldt,Female,Urinary,342713,9.7,33.243161
Humboldt,Male,Kidney,340492,16.0,54.47872
Humboldt,Female,Kidney,342713,10.6,36.327578
Humboldt,Male,Thyroid,340492,7.4,25.196408
Humboldt,Female,Thyroid,342713,17.5,59.974775
Humboldt,Male,Liver,340492,18.2,61.969544
Humboldt,Female,Liver,342713,6.1,20.905493
Humboldt,Male,Pancreas,340492,17.5,59.5861
Humboldt,Female,Pancreas,342713,10.4,35.642152
Humboldt,Male,AllSite,340492,473.1,1610.867652
Humboldt,Female,AllSite,342713,425.0,1456.53025
Imperial,Male,Prostate,462967,92.2,426.85557400000005
Imperial,Female,Prostate,436734,0.0,0.0
Imperial,Male,Breast,462967,1.4,6.481538
Imperial,Female,Breast,436734,101.5,443.28501
Imperial,Male,Lung,462967,39.0,180.55713
Imperial,Female,Lung,436734,22.4,97.828416
Imperial,Male,CRC,462967,45.9,212.50185299999998
Imperial,Female,CRC,436734,24.8,108.310032
Imperial,Male,Mela,462967,8.2,37.963294
Imperial,Female,Mela,436734,3.9,17.032626
Imperial,Male,Uterine,462967,0.0,0.0
Imperial,Female,Uterine,436734,25.1,109.62023400000001
Imperial,Male,Lymph,462967,19.9,92.130433
Imperial,Female,Lymph,436734,14.0,61.142759999999996
Imperial,Male,Urinary,462967,22.0,101.85274
Imperial,Female,Urinary,436734,5.3,23.146902
Imperial,Male,Kidney,462967,29.4,136.112298
Imperial,Female,Kidney,436734,16.7,72.934578
Imperial,Male,Thyroid,462967,6.0,27.77802
Imperial,Female,Thyroid,436734,19.5,85.16313
Imperial,Male,Liver,462967,23.8,110.18614600000001
Imperial,Female,Liver,436734,11.4,49.787676000000005
Imperial,Male,Pancreas,462967,11.7,54.167139
Imperial,Female,Pancreas,436734,8.1,35.375454
Imperial,Male,AllSite,462967,411.2,1903.7203040000002
Imperial,Female,AllSite,436734,337.9,1475.724186
Inyo,Male,Prostate,47801,57.0,27.24657
Inyo,Female,Prostate,46286,0.0,0.0
Inyo,Male,Breast,47801,0.0,0.0
Inyo,Female,Breast,46286,127.9,59.199794
Inyo,Male,Lung,47801,29.3,14.005693
Inyo,Female,Lung,46286,24.5,11.340069999999999
Inyo,Male,CRC,47801,42.6,20.363226
Inyo,Female,CRC,46286,17.6,8.146336000000002
Inyo,Male,Mela,47801,27.8,13.288677999999999
Inyo,Female,Mela,46286,26.4,12.219503999999999
Inyo,Male,Uterine,47801,0.0,0.0
Inyo,Female,Uterine,46286,17.8,8.238908
Inyo,Male,Lymph,47801,10.6,5.066906
Inyo,Female,Lymph,46286,13.9,6.4337539999999995
Inyo,Male,Urinary,47801,16.6,7.934966000000001
Inyo,Female,Urinary,46286,3.9,1.805154
Inyo,Male,Kidney,47801,21.9,10.468418999999999
Inyo,Female,Kidney,46286,14.8,6.850328000000001
Inyo,Male,Thyroid,47801,4.7,2.2466470000000003
Inyo,Female,Thyroid,46286,15.8,7.313188000000001
Inyo,Male,Liver,47801,13.7,6.548737
Inyo,Female,Liver,46286,3.4,1.573724
Inyo,Male,Pancreas,47801,10.2,4.8757019999999995
Inyo,Female,Pancreas,46286,8.5,3.9343100000000004
Inyo,Male,AllSite,47801,341.6,163.288216
Inyo,Female,AllSite,46286,354.2,163.945012
Kern,Male,Prostate,2318198,103.4,2397.016732
Kern,Female,Prostate,2198974,0.0,0.0
Kern,Male,Breast,2318198,1.1,25.500178000000002
Kern,Female,Breast,2198974,106.2,2335.310388
Kern,Male,Lung,2318198,45.2,1047.8254960000002
Kern,Female,Lung,2198974,36.8,809.2224319999999
Kern,Male,CRC,2318198,39.8,922.642804
Kern,Female,CRC,2198974,29.2,642.100408
Kern,Male,Mela,2318198,22.8,528.5491440000001
Kern,Female,Mela,2198974,15.4,338.641996
Kern,Male,Uterine,2318198,0.0,0.0
Kern,Female,Uterine,2198974,24.8,545.345552
Kern,Male,Lymph,2318198,20.0,463.63960000000003
Kern,Female,Lymph,2198974,13.3,292.463542
Kern,Male,Urinary,2318198,27.8,644.459044
Kern,Female,Urinary,2198974,6.4,140.73433599999998
Kern,Male,Kidney,2318198,25.1,581.867698
Kern,Female,Kidney,2198974,13.9,305.657386
Kern,Male,Thyroid,2318198,7.1,164.59205799999998
Kern,Female,Thyroid,2198974,24.1,529.952734
Kern,Male,Liver,2318198,15.9,368.59348200000005
Kern,Female,Liver,2198974,6.0,131.93844
Kern,Male,Pancreas,2318198,11.9,275.865562
Kern,Female,Pancreas,2198974,11.5,252.88201
Kern,Male,AllSite,2318198,439.8,10195.434804
Kern,Female,AllSite,2198974,379.0,8334.11146
Kings,Male,Prostate,418785,85.9,359.73631500000005
Kings,Female,Prostate,339406,0.0,0.0
Kings,Male,Breast,418785,0.2,0.8375699999999999
Kings,Female,Breast,339406,101.9,345.85471400000006
Kings,Male,Lung,418785,47.9,200.598015
Kings,Female,Lung,339406,26.6,90.281996
Kings,Male,CRC,418785,30.4,127.31063999999998
Kings,Female,CRC,339406,22.8,77.384568
Kings,Male,Mela,418785,13.2,55.279619999999994
Kings,Female,Mela,339406,9.3,31.564758000000005
Kings,Male,Uterine,418785,0.0,0.0
Kings,Female,Uterine,339406,27.3,92.65783800000001
Kings,Male,Lymph,418785,17.3,72.449805
Kings,Female,Lymph,339406,15.9,53.965554000000004
Kings,Male,Urinary,418785,22.7,95.064195
Kings,Female,Urinary,339406,7.4,25.116044000000002
Kings,Male,Kidney,418785,17.2,72.03102
Kings,Female,Kidney,339406,20.3,68.899418
Kings,Male,Thyroid,418785,5.5,23.033175
Kings,Female,Thyroid,339406,26.2,88.92437199999999
Kings,Male,Liver,418785,17.6,73.70616000000001
Kings,Female,Liver,339406,6.5,22.06139
Kings,Male,Pancreas,418785,13.5,56.535975
Kings,Female,Pancreas,339406,11.8,40.049908
Kings,Male,AllSite,418785,377.3,1580.0758050000002
Kings,Female,AllSite,339406,374.5,1271.07547
Lake,Male,Prostate,170003,84.7,143.992541
Lake,Female,Prostate,168781,0.0,0.0
Lake,Male,Breast,170003,0.0,0.0
Lake,Female,Breast,168781,121.2,204.562572
Lake,Male,Lung,170003,59.9,101.83179700000001
Lake,Female,Lung,168781,57.8,97.55541799999999
Lake,Male,CRC,170003,46.2,78.541386
Lake,Female,CRC,168781,33.5,56.541635
Lake,Male,Mela,170003,27.7,47.090831
Lake,Female,Mela,168781,12.8,21.603968
Lake,Male,Uterine,170003,0.0,0.0
Lake,Female,Uterine,168781,23.9,40.338659
Lake,Male,Lymph,170003,13.9,23.630416999999998
Lake,Female,Lymph,168781,9.7,16.371757
Lake,Male,Urinary,170003,34.5,58.651035
Lake,Female,Urinary,168781,10.2,17.215662
Lake,Male,Kidney,170003,25.8,43.860774
Lake,Female,Kidney,168781,13.2,22.279092
Lake,Male,Thyroid,170003,3.9,6.630117
Lake,Female,Thyroid,168781,10.8,18.228348
Lake,Male,Liver,170003,19.1,32.470573
Lake,Female,Liver,168781,4.8,8.101488
Lake,Male,Pancreas,170003,9.9,16.830297
Lake,Female,Pancreas,168781,8.0,13.50248
Lake,Male,AllSite,170003,455.2,773.8536559999999
Lake,Female,AllSite,168781,391.3,660.4400529999999
Lassen,Male,Prostate,103966,67.9,70.59291400000001
Lassen,Female,Prostate,58987,0.0,0.0
Lassen,Male,Breast,103966,0.0,0.0
Lassen,Female,Breast,58987,108.1,63.764947
Lassen,Male,Lung,103966,38.1,39.611046
Lassen,Female,Lung,58987,45.1,26.603137
Lassen,Male,CRC,103966,22.0,22.87252
Lassen,Female,CRC,58987,27.7,16.339399
Lassen,Male,Mela,103966,15.4,16.010764
Lassen,Female,Mela,58987,19.1,11.266517
Lassen,Male,Uterine,103966,0.0,0.0
Lassen,Female,Uterine,58987,21.1,12.446257000000001
Lassen,Male,Lymph,103966,17.7,18.401982
Lassen,Female,Lymph,58987,7.7,4.541999
Lassen,Male,Urinary,103966,23.8,24.743908
Lassen,Female,Urinary,58987,2.4,1.415688
Lassen,Male,Kidney,103966,11.8,12.267988
Lassen,Female,Kidney,58987,12.3,7.255401000000001
Lassen,Male,Thyroid,103966,4.0,4.15864
Lassen,Female,Thyroid,58987,15.8,9.319946000000002
Lassen,Male,Liver,103966,16.8,17.466288000000002
Lassen,Female,Liver,58987,5.7,3.3622590000000003
Lassen,Male,Pancreas,103966,7.0,7.27762
Lassen,Female,Pancreas,58987,18.3,10.794621
Lassen,Male,AllSite,103966,324.1,336.95380600000004
Lassen,Female,AllSite,58987,369.7,218.07493899999997
Los Angeles,Male,Prostate,24882281,92.1,22916.580801
Los Angeles,Female,Prostate,25197009,0.0,0.0
Los Angeles,Male,Breast,24882281,0.9,223.940529
Los Angeles,Female,Breast,25197009,119.9,30211.213791
Los Angeles,Male,Lung,24882281,38.4,9554.795904
Los Angeles,Female,Lung,25197009,28.4,7155.950555999999
Los Angeles,Male,CRC,24882281,39.3,9778.736432999998
Los Angeles,Female,CRC,25197009,29.7,7483.511673
Los Angeles,Male,Mela,24882281,17.0,4229.987770000001
Los Angeles,Female,Mela,25197009,9.8,2469.3068820000003
Los Angeles,Male,Uterine,24882281,0.0,0.0
Los Angeles,Female,Uterine,25197009,27.1,6828.3894390000005
Los Angeles,Male,Lymph,24882281,19.8,4926.691638
Los Angeles,Female,Lymph,25197009,13.8,3477.1872420000004
Los Angeles,Male,Urinary,24882281,23.8,5921.982878000001
Los Angeles,Female,Urinary,25197009,5.5,1385.835495
Los Angeles,Male,Kidney,24882281,18.8,4677.868828000001
Los Angeles,Female,Kidney,25197009,9.8,2469.3068820000003
Los Angeles,Male,Thyroid,24882281,6.2,1542.701422
Los Angeles,Female,Thyroid,25197009,18.4,4636.249655999999
Los Angeles,Male,Liver,24882281,13.2,3284.4610919999996
Los Angeles,Female,Liver,25197009,5.9,1486.6235310000002
Los Angeles,Male,Pancreas,24882281,13.6,3383.990216
Los Angeles,Female,Pancreas,25197009,10.9,2746.473981
Los Angeles,Male,AllSite,24882281,387.1,96319.30975100001
Los Angeles,Female,AllSite,25197009,364.5,91843.097805
Madera,Male,Prostate,380442,84.1,319.95172199999996
Madera,Female,Prostate,399602,0.0,0.0
Madera,Male,Breast,380442,1.8,6.847956
Madera,Female,Breast,399602,98.5,393.60796999999997
Madera,Male,Lung,380442,43.1,163.970502
Madera,Female,Lung,399602,35.1,140.260302
Madera,Male,CRC,380442,38.8,147.611496
Madera,Female,CRC,399602,30.4,121.47900799999998
Madera,Male,Mela,380442,29.6,112.61083200000002
Madera,Female,Mela,399602,18.8,75.12517600000001
Madera,Male,Uterine,380442,0.0,0.0
Madera,Female,Uterine,399602,23.0,91.90846
Madera,Male,Lymph,380442,23.8,90.545196
Madera,Female,Lymph,399602,14.4,57.542688
Madera,Male,Urinary,380442,22.9,87.121218
Madera,Female,Urinary,399602,6.6,26.373731999999997
Madera,Male,Kidney,380442,25.5,97.01271000000001
Madera,Female,Kidney,399602,14.2,56.743483999999995
Madera,Male,Thyroid,380442,4.6,17.500331999999997
Madera,Female,Thyroid,399602,18.3,73.127166
Madera,Male,Liver,380442,17.8,67.718676
Madera,Female,Liver,399602,8.8,35.164976
Madera,Male,Pancreas,380442,15.7,59.729394
Madera,Female,Pancreas,399602,10.2,40.759403999999996
Madera,Male,AllSite,380442,418.9,1593.671538
Madera,Female,AllSite,399602,373.4,1492.113868
Marin,Male,Prostate,644213,114.2,735.691246
Marin,Female,Prostate,666404,0.0,0.0
Marin,Male,Breast,644213,1.1,7.086343000000001
Marin,Female,Breast,666404,152.2,1014.266888
Marin,Male,Lung,644213,29.6,190.68704800000003
Marin,Female,Lung,666404,33.8,225.24455199999997
Marin,Male,CRC,644213,38.1,245.445153
Marin,Female,CRC,666404,28.3,188.592332
Marin,Male,Mela,644213,69.1,445.151183
Marin,Female,Mela,666404,48.9,325.871556
Marin,Male,Uterine,644213,0.0,0.0
Marin,Female,Uterine,666404,27.4,182.594696
Marin,Male,Lymph,644213,26.5,170.716445
Marin,Female,Lymph,666404,14.6,97.294984
Marin,Male,Urinary,644213,33.7,217.099781
Marin,Female,Urinary,666404,8.6,57.31074399999999
Marin,Male,Kidney,644213,18.8,121.11204400000001
Marin,Female,Kidney,666404,6.6,43.98266399999999
Marin,Male,Thyroid,644213,6.5,41.873844999999996
Marin,Female,Thyroid,666404,14.3,95.295772
Marin,Male,Liver,644213,10.8,69.575004
Marin,Female,Liver,666404,4.1,27.322563999999996
Marin,Male,Pancreas,644213,12.4,79.882412
Marin,Female,Pancreas,666404,10.6,70.638824
Marin,Male,AllSite,644213,469.6,3025.2242480000004
Marin,Female,AllSite,666404,430.7,2870.202028
Mariposa,Male,Prostate,43530,78.5,34.17105
Mariposa,Female,Prostate,42459,0.0,0.0
Mariposa,Male,Breast,43530,0.0,0.0
Mariposa,Female,Breast,42459,125.9,53.455881000000005
Mariposa,Male,Lung,43530,37.7,16.41081
Mariposa,Female,Lung,42459,51.6,21.908844
Mariposa,Male,CRC,43530,27.7,12.05781
Mariposa,Female,CRC,42459,37.6,15.964584000000002
Mariposa,Male,Mela,43530,37.3,16.23669
Mariposa,Female,Mela,42459,16.8,7.133112000000001
Mariposa,Male,Uterine,43530,0.0,0.0
Mariposa,Female,Uterine,42459,17.6,7.472784000000001
Mariposa,Male,Lymph,43530,13.7,5.96361
Mariposa,Female,Lymph,42459,21.8,9.256062
Mariposa,Male,Urinary,43530,41.8,18.195539999999998
Mariposa,Female,Urinary,42459,6.3,2.674917
Mariposa,Male,Kidney,43530,22.5,9.79425
Mariposa,Female,Kidney,42459,3.8,1.6134419999999998
Mariposa,Male,Thyroid,43530,8.5,3.70005
Mariposa,Female,Thyroid,42459,23.9,10.147701
Mariposa,Male,Liver,43530,13.0,5.658899999999999
Mariposa,Female,Liver,42459,0.9,0.382131
Mariposa,Male,Pancreas,43530,13.7,5.96361
Mariposa,Female,Pancreas,42459,10.5,4.458195
Mariposa,Male,AllSite,43530,417.5,181.73775
Mariposa,Female,AllSite,42459,392.3,166.56665700000002
Mendocino,Male,Prostate,227973,80.1,182.606373
Mendocino,Female,Prostate,229747,0.0,0.0
Mendocino,Male,Breast,227973,0.2,0.45594599999999996
Mendocino,Female,Breast,229747,111.4,255.938158
Mendocino,Male,Lung,227973,40.0,91.1892
Mendocino,Female,Lung,229747,39.4,90.52031799999999
Mendocino,Male,CRC,227973,40.6,92.557038
Mendocino,Female,CRC,229747,28.7,65.937389
Mendocino,Male,Mela,227973,37.0,84.35001
Mendocino,Female,Mela,229747,20.4,46.868388
Mendocino,Male,Uterine,227973,0.0,0.0
Mendocino,Female,Uterine,229747,31.1,71.451317
Mendocino,Male,Lymph,227973,21.0,47.87433
Mendocino,Female,Lymph,229747,15.9,36.529773000000006
Mendocino,Male,Urinary,227973,28.0,63.83243999999999
Mendocino,Female,Urinary,229747,7.6,17.460772
Mendocino,Male,Kidney,227973,20.9,47.646356999999995
Mendocino,Female,Kidney,229747,11.2,25.731664
Mendocino,Male,Thyroid,227973,8.4,19.149732000000004
Mendocino,Female,Thyroid,229747,20.1,46.179147
Mendocino,Male,Liver,227973,13.2,30.092435999999996
Mendocino,Female,Liver,229747,2.1,4.824687000000001
Mendocino,Male,Pancreas,227973,16.6,37.843518
Mendocino,Female,Pancreas,229747,6.9,15.852543000000002
Mendocino,Male,AllSite,227973,425.8,970.7090340000001
Mendocino,Female,AllSite,229747,394.6,906.5816619999999
Merced,Male,Prostate,707489,92.1,651.597369
Merced,Female,Prostate,685895,0.0,0.0
Merced,Male,Breast,707489,0.7,4.952423
Merced,Female,Breast,685895,98.8,677.66426
Merced,Male,Lung,707489,49.0,346.66961
Merced,Female,Lung,685895,32.3,221.544085
Merced,Male,CRC,707489,44.0,311.29516
Merced,Female,CRC,685895,31.8,218.11461000000003
Merced,Male,Mela,707489,18.2,128.762998
Merced,Female,Mela,685895,11.1,76.134345
Merced,Male,Uterine,707489,0.0,0.0
Merced,Female,Uterine,685895,23.8,163.24301
Merced,Male,Lymph,707489,19.1,135.130399
Merced,Female,Lymph,685895,15.3,104.941935
Merced,Male,Urinary,707489,24.3,171.919827
Merced,Female,Urinary,685895,6.9,47.326755000000006
Merced,Male,Kidney,707489,23.1,163.429959
Merced,Female,Kidney,685895,12.1,82.993295
Merced,Male,Thyroid,707489,4.8,33.959472
Merced,Female,Thyroid,685895,20.2,138.55079
Merced,Male,Liver,707489,15.1,106.83083899999998
Merced,Female,Liver,685895,8.1,55.557494999999996
Merced,Male,Pancreas,707489,17.2,121.68810799999999
Merced,Female,Pancreas,685895,12.0,82.3074
Merced,Male,AllSite,707489,412.0,2914.8546800000004
Merced,Female,AllSite,685895,360.2,2470.59379
Modoc,Male,Prostate,21992,55.4,12.183568000000001
Modoc,Female,Prostate,21635,0.0,0.0
Modoc,Male,Breast,21992,0.0,0.0
Modoc,Female,Breast,21635,62.4,13.50024
Modoc,Male,Lung,21992,52.8,11.611775999999999
Modoc,Female,Lung,21635,30.5,6.598675
Modoc,Male,CRC,21992,35.4,7.785168
Modoc,Female,CRC,21635,37.8,8.17803
Modoc,Male,Mela,21992,42.8,9.412576
Modoc,Female,Mela,21635,15.9,3.4399650000000004
Modoc,Male,Uterine,21992,0.0,0.0
Modoc,Female,Uterine,21635,18.1,3.915935
Modoc,Male,Lymph,21992,8.7,1.9133039999999997
Modoc,Female,Lymph,21635,7.5,1.6226249999999998
Modoc,Male,Urinary,21992,20.6,4.530352000000001
Modoc,Female,Urinary,21635,7.3,1.579355
Modoc,Male,Kidney,21992,9.2,2.0232639999999997
Modoc,Female,Kidney,21635,28.7,6.209244999999999
Modoc,Male,Thyroid,21992,0.0,0.0
Modoc,Female,Thyroid,21635,10.3,2.2284050000000004
Modoc,Male,Liver,21992,6.8,1.495456
Modoc,Female,Liver,21635,1.9,0.41106499999999996
Modoc,Male,Pancreas,21992,11.0,2.41912
Modoc,Female,Pancreas,21635,4.0,0.8654000000000001
Modoc,Male,AllSite,21992,319.3,70.220456
Modoc,Female,AllSite,21635,269.5,58.306325
Mono,Male,Prostate,35411,108.1,38.279291
Mono,Female,Prostate,30854,0.0,0.0
Mono,Male,Breast,35411,0.0,0.0
Mono,Female,Breast,30854,117.7,36.315158000000004
Mono,Male,Lung,35411,7.6,2.6912359999999995
Mono,Female,Lung,30854,24.0,7.40496
Mono,Male,CRC,35411,31.7,11.225287
Mono,Female,CRC,30854,23.1,7.127274
Mono,Male,Mela,35411,46.0,16.28906
Mono,Female,Mela,30854,17.7,5.461158
Mono,Male,Uterine,35411,0.0,0.0
Mono,Female,Uterine,30854,15.5,4.78237
Mono,Male,Lymph,35411,7.6,2.6912359999999995
Mono,Female,Lymph,30854,5.1,1.573554
Mono,Male,Urinary,35411,14.7,5.205417
Mono,Female,Urinary,30854,3.8,1.1724519999999998
Mono,Male,Kidney,35411,16.7,5.913637
Mono,Female,Kidney,30854,0.0,0.0
Mono,Male,Thyroid,35411,6.4,2.266304
Mono,Female,Thyroid,30854,7.1,2.1906339999999997
Mono,Male,Liver,35411,3.8,1.3456179999999998
Mono,Female,Liver,30854,0.0,0.0
Mono,Male,Pancreas,35411,4.5,1.593495
Mono,Female,Pancreas,30854,5.4,1.6661160000000002
Mono,Male,AllSite,35411,322.4,114.165064
Mono,Female,AllSite,30854,257.3,79.387342
Monterey,Male,Prostate,1120103,109.5,1226.5127850000001
Monterey,Female,Prostate,1073855,0.0,0.0
Monterey,Male,Breast,1120103,0.3,3.360309
Monterey,Female,Breast,1073855,113.3,1216.6777149999998
Monterey,Male,Lung,1120103,30.8,344.99172400000003
Monterey,Female,Lung,1073855,26.4,283.49771999999996
Monterey,Male,CRC,1120103,34.0,380.83502000000004
Monterey,Female,CRC,1073855,28.4,304.97481999999997
Monterey,Male,Mela,1120103,33.1,370.754093
Monterey,Female,Mela,1073855,21.6,231.95268000000002
Monterey,Male,Uterine,1120103,0.0,0.0
Monterey,Female,Uterine,1073855,23.2,249.13436000000002
Monterey,Male,Lymph,1120103,21.8,244.182454
Monterey,Female,Lymph,1073855,17.1,183.629205
Monterey,Male,Urinary,1120103,25.4,284.506162
Monterey,Female,Urinary,1073855,5.3,56.914315
Monterey,Male,Kidney,1120103,16.1,180.33658300000002
Monterey,Female,Kidney,1073855,7.7,82.686835
Monterey,Male,Thyroid,1120103,4.8,53.764944
Monterey,Female,Thyroid,1073855,17.1,183.629205
Monterey,Male,Liver,1120103,14.0,156.81441999999998
Monterey,Female,Liver,1073855,4.9,52.61889500000001
Monterey,Male,Pancreas,1120103,11.8,132.172154
Monterey,Female,Pancreas,1073855,10.8,115.97634000000001
Monterey,Male,AllSite,1120103,405.4,4540.897561999999
Monterey,Female,AllSite,1073855,355.9,3821.8499449999995
Napa,Male,Prostate,347535,99.4,345.44979
Napa,Female,Prostate,346006,0.0,0.0
Napa,Male,Breast,347535,1.2,4.17042
Napa,Female,Breast,346006,134.6,465.72407599999997
Napa,Male,Lung,347535,39.2,136.23372
Napa,Female,Lung,346006,32.4,112.10594399999998
Napa,Male,CRC,347535,37.7,131.020695
Napa,Female,CRC,346006,29.4,101.725764
Napa,Male,Mela,347535,37.4,129.97808999999998
Napa,Female,Mela,346006,26.0,89.96155999999999
Napa,Male,Uterine,347535,0.0,0.0
Napa,Female,Uterine,346006,29.2,101.03375199999999
Napa,Male,Lymph,347535,18.6,64.64151000000001
Napa,Female,Lymph,346006,15.3,52.938918
Napa,Male,Urinary,347535,33.8,117.46682999999999
Napa,Female,Urinary,346006,9.7,33.562582
Napa,Male,Kidney,347535,19.1,66.379185
Napa,Female,Kidney,346006,13.3,46.018798000000004
Napa,Male,Thyroid,347535,5.1,17.724285
Napa,Female,Thyroid,346006,12.1,41.866726
Napa,Male,Liver,347535,12.0,41.7042
Napa,Female,Liver,346006,4.7,16.262282000000003
Napa,Male,Pancreas,347535,11.8,41.009130000000006
Napa,Female,Pancreas,346006,17.3,59.859038
Napa,Male,AllSite,347535,432.4,1502.7413399999998
Napa,Female,AllSite,346006,407.9,1411.3584740000001
Nevada,Male,Prostate,252482,98.2,247.93732400000002
Nevada,Female,Prostate,258170,0.0,0.0
Nevada,Male,Breast,252482,0.7,1.767374
Nevada,Female,Breast,258170,129.8,335.10466
Nevada,Male,Lung,252482,33.7,85.086434
Nevada,Female,Lung,258170,34.3,88.55230999999999
Nevada,Male,CRC,252482,28.9,72.967298
Nevada,Female,CRC,258170,25.9,66.86603
Nevada,Male,Mela,252482,47.2,119.17150400000001
Nevada,Female,Mela,258170,32.2,83.13074
Nevada,Male,Uterine,252482,0.0,0.0
Nevada,Female,Uterine,258170,18.3,47.245110000000004
Nevada,Male,Lymph,252482,19.3,48.729026
Nevada,Female,Lymph,258170,16.3,42.08171
Nevada,Male,Urinary,252482,28.6,72.209852
Nevada,Female,Urinary,258170,6.0,15.4902
Nevada,Male,Kidney,252482,13.3,33.580106
Nevada,Female,Kidney,258170,5.5,14.19935
Nevada,Male,Thyroid,252482,6.8,17.168776
Nevada,Female,Thyroid,258170,18.8,48.53596
Nevada,Male,Liver,252482,9.0,22.723380000000002
Nevada,Female,Liver,258170,3.2,8.26144
Nevada,Male,Pancreas,252482,16.1,40.649602
Nevada,Female,Pancreas,258170,11.4,29.43138
Nevada,Male,AllSite,252482,419.5,1059.16199
Nevada,Female,AllSite,258170,390.4,1007.89568
Orange,Male,Prostate,7906116,103.1,8151.205596
Orange,Female,Prostate,8000211,0.0,0.0
Orange,Male,Breast,7906116,1.0,79.06116
Orange,Female,Breast,8000211,132.5,10600.279575
Orange,Male,Lung,7906116,39.7,3138.7280520000004
Orange,Female,Lung,8000211,33.2,2656.0700520000005
Orange,Male,CRC,7906116,35.9,2838.295644
Orange,Female,CRC,8000211,27.7,2216.058447
Orange,Male,Mela,7906116,39.5,3122.91582
Orange,Female,Mela,8000211,22.8,1824.0481080000002
Orange,Male,Uterine,7906116,0.0,0.0
Orange,Female,Uterine,8000211,24.2,1936.051062
Orange,Male,Lymph,7906116,23.3,1842.125028
Orange,Female,Lymph,8000211,15.7,1256.033127
Orange,Male,Urinary,7906116,27.4,2166.275784
Orange,Female,Urinary,8000211,6.0,480.01266000000004
Orange,Male,Kidney,7906116,19.0,1502.1620400000002
Orange,Female,Kidney,8000211,8.8,704.0185680000001
Orange,Male,Thyroid,7906116,7.6,600.8648159999999
Orange,Female,Thyroid,8000211,20.2,1616.042622
Orange,Male,Liver,7906116,12.8,1011.982848
Orange,Female,Liver,8000211,5.2,416.01097200000004
Orange,Male,Pancreas,7906116,13.9,1098.950124
Orange,Female,Pancreas,8000211,11.2,896.023632
Orange,Male,AllSite,7906116,436.9,34541.820803999995
Orange,Female,AllSite,8000211,393.4,31472.830074
Placer,Male,Prostate,984671,111.1,1093.969481
Placer,Female,Prostate,1017163,0.0,0.0
Placer,Male,Breast,984671,1.0,9.846710000000002
Placer,Female,Breast,1017163,138.5,1408.770755
Placer,Male,Lung,984671,38.6,380.083006
Placer,Female,Lung,1017163,38.7,393.642081
Placer,Male,CRC,984671,36.6,360.389586
Placer,Female,CRC,1017163,29.5,300.063085
Placer,Male,Mela,984671,51.9,511.04424900000004
Placer,Female,Mela,1017163,31.9,324.47499700000003
Placer,Male,Uterine,984671,0.0,0.0
Placer,Female,Uterine,1017163,24.1,245.136283
Placer,Male,Lymph,984671,23.3,229.428343
Placer,Female,Lymph,1017163,13.6,138.334168
Placer,Male,Urinary,984671,32.9,323.956759
Placer,Female,Urinary,1017163,8.6,87.476018
Placer,Male,Kidney,984671,22.7,223.52031699999998
Placer,Female,Kidney,1017163,9.2,93.57899599999999
Placer,Male,Thyroid,984671,9.8,96.497758
Placer,Female,Thyroid,1017163,20.6,209.53557800000002
Placer,Male,Liver,984671,10.2,100.436442
Placer,Female,Liver,1017163,3.8,38.652193999999994
Placer,Male,Pancreas,984671,13.4,131.94591400000002
Placer,Female,Pancreas,1017163,11.9,121.04239700000001
Placer,Male,AllSite,984671,471.4,4641.739094
Placer,Female,AllSite,1017163,416.5,4236.483895
Plumas,Male,Prostate,49347,71.6,35.332451999999996
Plumas,Female,Prostate,48885,0.0,0.0
Plumas,Male,Breast,49347,0.0,0.0
Plumas,Female,Breast,48885,105.9,51.769215
Plumas,Male,Lung,49347,40.4,19.936188
Plumas,Female,Lung,48885,38.1,18.625185
Plumas,Male,CRC,49347,18.4,9.079847999999998
Plumas,Female,CRC,48885,34.3,16.767554999999998
Plumas,Male,Mela,49347,32.8,16.185816
Plumas,Female,Mela,48885,18.3,8.945955
Plumas,Male,Uterine,49347,0.0,0.0
Plumas,Female,Uterine,48885,15.9,7.772715000000001
Plumas,Male,Lymph,49347,19.6,9.672012
Plumas,Female,Lymph,48885,7.4,3.6174900000000005
Plumas,Male,Urinary,49347,22.3,11.004381
Plumas,Female,Urinary,48885,8.1,3.9596849999999995
Plumas,Male,Kidney,49347,17.8,8.783766
Plumas,Female,Kidney,48885,8.7,4.252994999999999
Plumas,Male,Thyroid,49347,5.3,2.6153910000000002
Plumas,Female,Thyroid,48885,20.6,10.070310000000001
Plumas,Male,Liver,49347,10.2,5.033394
Plumas,Female,Liver,48885,4.9,2.3953650000000004
Plumas,Male,Pancreas,49347,11.9,5.872293
Plumas,Female,Pancreas,48885,7.5,3.6663749999999995
Plumas,Male,AllSite,49347,370.7,182.929329
Plumas,Female,AllSite,48885,352.7,172.417395
Riverside,Male,Prostate,6042017,99.0,5981.59683
Riverside,Female,Prostate,5991636,0.0,0.0
Riverside,Male,Breast,6042017,1.1,66.46218700000001
Riverside,Female,Breast,5991636,113.8,6818.481768
Riverside,Male,Lung,6042017,41.1,2483.268987
Riverside,Female,Lung,5991636,34.4,2061.1227839999997
Riverside,Male,CRC,6042017,38.2,2308.050494
Riverside,Female,CRC,5991636,31.8,1905.3402480000002
Riverside,Male,Mela,6042017,33.3,2011.9916609999998
Riverside,Female,Mela,5991636,18.5,1108.45266
Riverside,Male,Uterine,6042017,0.0,0.0
Riverside,Female,Uterine,5991636,25.5,1527.8671800000002
Riverside,Male,Lymph,6042017,19.9,1202.361383
Riverside,Female,Lymph,5991636,13.7,820.8541319999999
Riverside,Male,Urinary,6042017,27.6,1667.5966920000003
Riverside,Female,Urinary,5991636,6.3,377.473068
Riverside,Male,Kidney,6042017,21.8,1317.1597060000001
Riverside,Female,Kidney,5991636,10.8,647.0966880000001
Riverside,Male,Thyroid,6042017,6.0,362.52102
Riverside,Female,Thyroid,5991636,19.3,1156.385748
Riverside,Male,Liver,6042017,13.4,809.630278
Riverside,Female,Liver,5991636,5.4,323.54834400000004
Riverside,Male,Pancreas,6042017,13.4,809.630278
Riverside,Female,Pancreas,5991636,10.5,629.1217800000001
Riverside,Male,AllSite,6042017,428.1,25865.874777
Riverside,Female,AllSite,5991636,378.8,22696.317168
Sacramento,Male,Prostate,3874963,88.3,3421.592329
Sacramento,Female,Prostate,3983280,0.0,0.0
Sacramento,Male,Breast,3874963,1.1,42.624593000000004
Sacramento,Female,Breast,3983280,125.8,5010.96624
Sacramento,Male,Lung,3874963,47.1,1825.107573
Sacramento,Female,Lung,3983280,41.8,1665.0110399999999
Sacramento,Male,CRC,3874963,40.0,1549.9852
Sacramento,Female,CRC,3983280,32.0,1274.6496000000002
Sacramento,Male,Mela,3874963,29.2,1131.489196
Sacramento,Female,Mela,3983280,18.3,728.94024
Sacramento,Male,Uterine,3874963,0.0,0.0
Sacramento,Female,Uterine,3983280,29.9,1191.00072
Sacramento,Male,Lymph,3874963,19.9,771.117637
Sacramento,Female,Lymph,3983280,14.0,557.6591999999999
Sacramento,Male,Urinary,3874963,29.5,1143.1140850000002
Sacramento,Female,Urinary,3983280,7.1,282.81287999999995
Sacramento,Male,Kidney,3874963,22.5,871.866675
Sacramento,Female,Kidney,3983280,11.4,454.09392
Sacramento,Male,Thyroid,3874963,6.0,232.49778
Sacramento,Female,Thyroid,3983280,15.7,625.37496
Sacramento,Male,Liver,3874963,15.2,588.9943759999999
Sacramento,Female,Liver,3983280,6.7,266.87976000000003
Sacramento,Male,Pancreas,3874963,14.7,569.619561
Sacramento,Female,Pancreas,3983280,12.2,485.96016
Sacramento,Male,AllSite,3874963,425.1,16472.467713000002
Sacramento,Female,AllSite,3983280,402.0,16012.785600000001
San Benito,Male,Prostate,160000,108.5,173.6
San Benito,Female,Prostate,156665,0.0,0.0
San Benito,Male,Breast,160000,0.0,0.0
San Benito,Female,Breast,156665,110.7,173.42815500000003
San Benito,Male,Lung,160000,26.1,41.76
San Benito,Female,Lung,156665,25.5,39.949575
San Benito,Male,CRC,160000,45.1,72.16
San Benito,Female,CRC,156665,29.6,46.372840000000004
San Benito,Male,Mela,160000,31.5,50.4
San Benito,Female,Mela,156665,18.4,28.826359999999998
San Benito,Male,Uterine,160000,0.0,0.0
San Benito,Female,Uterine,156665,24.0,37.5996
San Benito,Male,Lymph,160000,22.5,36.0
San Benito,Female,Lymph,156665,11.5,18.016475
San Benito,Male,Urinary,160000,34.1,54.56
San Benito,Female,Urinary,156665,4.8,7.51992
San Benito,Male,Kidney,160000,27.3,43.68000000000001
San Benito,Female,Kidney,156665,11.7,18.329805
San Benito,Male,Thyroid,160000,6.8,10.88
San Benito,Female,Thyroid,156665,18.9,29.609685
San Benito,Male,Liver,160000,17.1,27.360000000000003
San Benito,Female,Liver,156665,6.0,9.3999
San Benito,Male,Pancreas,160000,13.9,22.24
San Benito,Female,Pancreas,156665,10.6,16.60649
San Benito,Male,AllSite,160000,449.8,719.6800000000001
San Benito,Female,AllSite,156665,360.2,564.30733
San Bernardino,Male,Prostate,5447385,104.8,5708.859479999999
San Bernardino,Female,Prostate,5405558,0.0,0.0
San Bernardino,Male,Breast,5447385,1.0,54.473850000000006
San Bernardino,Female,Breast,5405558,115.4,6238.013932000001
San Bernardino,Male,Lung,5447385,43.7,2380.5072450000002
San Bernardino,Female,Lung,5405558,33.0,1783.83414
San Bernardino,Male,CRC,5447385,40.3,2195.296155
San Bernardino,Female,CRC,5405558,31.3,1691.939654
San Bernardino,Male,Mela,5447385,22.7,1236.5563949999998
San Bernardino,Female,Mela,5405558,12.9,697.3169819999999
San Bernardino,Male,Uterine,5447385,0.0,0.0
San Bernardino,Female,Uterine,5405558,28.6,1545.9895880000001
San Bernardino,Male,Lymph,5447385,18.7,1018.660995
San Bernardino,Female,Lymph,5405558,13.4,724.344772
San Bernardino,Male,Urinary,5447385,26.6,1449.00441
San Bernardino,Female,Urinary,5405558,6.5,351.36127
San Bernardino,Male,Kidney,5447385,22.4,1220.21424
San Bernardino,Female,Kidney,5405558,11.9,643.261402
San Bernardino,Male,Thyroid,5447385,6.9,375.8695650000001
San Bernardino,Female,Thyroid,5405558,20.3,1097.328274
San Bernardino,Male,Liver,5447385,15.3,833.4499050000001
San Bernardino,Female,Liver,5405558,6.2,335.14459600000004
San Bernardino,Male,Pancreas,5447385,13.6,740.8443599999999
San Bernardino,Female,Pancreas,5405558,10.8,583.8002640000001
San Bernardino,Male,AllSite,5447385,427.7,23298.465644999997
San Bernardino,Female,AllSite,5405558,381.8,20638.420444
San Diego,Male,Prostate,8347971,110.0,9182.768100000001
San Diego,Female,Prostate,8115430,0.0,0.0
San Diego,Male,Breast,8347971,1.2,100.175652
San Diego,Female,Breast,8115430,130.8,10614.982440000002
San Diego,Male,Lung,8347971,42.6,3556.235646
San Diego,Female,Lung,8115430,36.7,2978.36281
San Diego,Male,CRC,8347971,36.9,3080.4012989999997
San Diego,Female,CRC,8115430,31.3,2540.12959
San Diego,Male,Mela,8347971,39.5,3297.448545
San Diego,Female,Mela,8115430,23.6,1915.2414800000001
San Diego,Male,Uterine,8347971,0.0,0.0
San Diego,Female,Uterine,8115430,27.0,2191.1661
San Diego,Male,Lymph,8347971,22.1,1844.901591
San Diego,Female,Lymph,8115430,15.4,1249.77622
San Diego,Male,Urinary,8347971,28.3,2362.475793
San Diego,Female,Urinary,8115430,6.8,551.84924
San Diego,Male,Kidney,8347971,22.2,1853.249562
San Diego,Female,Kidney,8115430,11.3,917.0435900000001
San Diego,Male,Thyroid,8347971,6.8,567.662028
San Diego,Female,Thyroid,8115430,18.7,1517.58541
San Diego,Male,Liver,8347971,15.2,1268.891592
San Diego,Female,Liver,8115430,6.2,503.15666000000004
San Diego,Male,Pancreas,8347971,14.9,1243.8476790000002
San Diego,Female,Pancreas,8115430,11.5,933.27445
San Diego,Male,AllSite,8347971,459.9,38392.318629
San Diego,Female,AllSite,8115430,411.9,33427.45617
San Francisco,Male,Prostate,2228552,84.7,1887.583544
San Francisco,Female,Prostate,2097526,0.0,0.0
San Francisco,Male,Breast,2228552,1.2,26.742624
San Francisco,Female,Breast,2097526,123.4,2588.347084
San Francisco,Male,Lung,2228552,45.5,1013.99116
San Francisco,Female,Lung,2097526,35.9,753.011834
San Francisco,Male,CRC,2228552,34.4,766.6218879999999
San Francisco,Female,CRC,2097526,27.3,572.624598
San Francisco,Male,Mela,2228552,25.7,572.7378640000001
San Francisco,Female,Mela,2097526,16.0,335.60416000000004
San Francisco,Male,Uterine,2228552,0.0,0.0
San Francisco,Female,Uterine,2097526,24.7,518.088922
San Francisco,Male,Lymph,2228552,22.0,490.28144000000003
San Francisco,Female,Lymph,2097526,15.1,316.72642599999995
San Francisco,Male,Urinary,2228552,23.2,517.024064
San Francisco,Female,Urinary,2097526,5.7,119.558982
San Francisco,Male,Kidney,2228552,15.7,349.882664
San Francisco,Female,Kidney,2097526,7.0,146.82682
San Francisco,Male,Thyroid,2228552,6.8,151.541536
San Francisco,Female,Thyroid,2097526,17.8,373.35962800000004
San Francisco,Male,Liver,2228552,18.1,403.36791200000005
San Francisco,Female,Liver,2097526,7.3,153.119398
San Francisco,Male,Pancreas,2228552,13.2,294.168864
San Francisco,Female,Pancreas,2097526,11.3,237.020438
San Francisco,Male,AllSite,2228552,403.8,8998.892976
San Francisco,Female,AllSite,2097526,379.0,7949.62354
San Joaquin,Male,Prostate,1935000,90.2,1745.3700000000001
San Joaquin,Female,Prostate,1920624,0.0,0.0
San Joaquin,Male,Breast,1935000,1.2,23.22
San Joaquin,Female,Breast,1920624,112.7,2164.543248
San Joaquin,Male,Lung,1935000,45.6,882.36
San Joaquin,Female,Lung,1920624,37.5,720.234
San Joaquin,Male,CRC,1935000,41.5,803.025
San Joaquin,Female,CRC,1920624,32.8,629.964672
San Joaquin,Male,Mela,1935000,23.2,448.92
San Joaquin,Female,Mela,1920624,13.4,257.36361600000004
San Joaquin,Male,Uterine,1935000,0.0,0.0
San Joaquin,Female,Uterine,1920624,27.1,520.489104
San Joaquin,Male,Lymph,1935000,22.0,425.7
San Joaquin,Female,Lymph,1920624,13.9,266.96673599999997
San Joaquin,Male,Urinary,1935000,29.8,576.6300000000001
San Joaquin,Female,Urinary,1920624,5.9,113.316816
San Joaquin,Male,Kidney,1935000,23.6,456.66
San Joaquin,Female,Kidney,1920624,12.4,238.157376
San Joaquin,Male,Thyroid,1935000,7.1,137.385
San Joaquin,Female,Thyroid,1920624,18.9,362.997936
San Joaquin,Male,Liver,1935000,16.8,325.08000000000004
San Joaquin,Female,Liver,1920624,6.9,132.52305600000003
San Joaquin,Male,Pancreas,1935000,15.3,296.055
San Joaquin,Female,Pancreas,1920624,11.8,226.633632
San Joaquin,Male,AllSite,1935000,425.3,8229.555
San Joaquin,Female,AllSite,1920624,382.3,7342.545552
San Luis Obispo,Male,Prostate,714561,124.7,891.0575670000001
San Luis Obispo,Female,Prostate,694750,0.0,0.0
San Luis Obispo,Male,Breast,714561,0.6,4.2873660000000005
San Luis Obispo,Female,Breast,694750,147.1,1021.9772499999999
San Luis Obispo,Male,Lung,714561,43.9,313.692279
San Luis Obispo,Female,Lung,694750,34.2,237.6045
San Luis Obispo,Male,CRC,714561,33.6,240.09249600000004
San Luis Obispo,Female,CRC,694750,30.9,214.67774999999997
San Luis Obispo,Male,Mela,714561,65.3,466.60833299999996
San Luis Obispo,Female,Mela,694750,47.8,332.09049999999996
San Luis Obispo,Male,Uterine,714561,0.0,0.0
San Luis Obispo,Female,Uterine,694750,22.3,154.92925
San Luis Obispo,Male,Lymph,714561,21.2,151.486932
San Luis Obispo,Female,Lymph,694750,13.5,93.79125
San Luis Obispo,Male,Urinary,714561,32.8,234.37600799999996
San Luis Obispo,Female,Urinary,694750,6.4,44.464
San Luis Obispo,Male,Kidney,714561,18.8,134.337468
San Luis Obispo,Female,Kidney,694750,10.3,71.55925
San Luis Obispo,Male,Thyroid,714561,6.3,45.017343
San Luis Obispo,Female,Thyroid,694750,11.5,79.89625000000001
San Luis Obispo,Male,Liver,714561,13.2,94.32205199999999
San Luis Obispo,Female,Liver,694750,5.5,38.21125
San Luis Obispo,Male,Pancreas,714561,16.9,120.760809
San Luis Obispo,Female,Pancreas,694750,9.9,68.78025000000001
San Luis Obispo,Male,AllSite,714561,498.7,3563.515707
San Luis Obispo,Female,AllSite,694750,428.1,2974.22475
San Mateo,Male,Prostate,1902567,99.8,1898.761866
San Mateo,Female,Prostate,1910223,0.0,0.0
San Mateo,Male,Breast,1902567,1.0,19.02567
San Mateo,Female,Breast,1910223,136.7,2611.274841
San Mateo,Male,Lung,1902567,34.2,650.677914
San Mateo,Female,Lung,1910223,32.7,624.6429210000001
San Mateo,Male,CRC,1902567,32.0,608.82144
San Mateo,Female,CRC,1910223,26.8,511.939764
San Mateo,Male,Mela,1902567,35.0,665.89845
San Mateo,Female,Mela,1910223,21.5,410.697945
San Mateo,Male,Uterine,1902567,0.0,0.0
San Mateo,Female,Uterine,1910223,26.9,513.8499869999999
San Mateo,Male,Lymph,1902567,26.1,496.569987
San Mateo,Female,Lymph,1910223,16.5,315.186795
San Mateo,Male,Urinary,1902567,30.1,572.672667
San Mateo,Female,Urinary,1910223,6.7,127.984941
San Mateo,Male,Kidney,1902567,18.0,342.46206
San Mateo,Female,Kidney,1910223,8.3,158.54850900000002
San Mateo,Male,Thyroid,1902567,8.3,157.91306100000003
San Mateo,Female,Thyroid,1910223,20.8,397.326384
San Mateo,Male,Liver,1902567,12.6,239.723442
San Mateo,Female,Liver,1910223,4.9,93.60092700000001
San Mateo,Male,Pancreas,1902567,14.1,268.26194699999996
San Mateo,Female,Pancreas,1910223,11.3,215.85519900000003
San Mateo,Male,AllSite,1902567,418.4,7960.340327999998
San Mateo,Female,AllSite,1910223,393.2,7510.996835999999
Santa Barbara,Male,Prostate,1119702,150.0,1679.553
Santa Barbara,Female,Prostate,1108905,0.0,0.0
Santa Barbara,Male,Breast,1119702,1.4,15.675828
Santa Barbara,Female,Breast,1108905,145.9,1617.892395
Santa Barbara,Male,Lung,1119702,38.1,426.60646199999996
Santa Barbara,Female,Lung,1108905,32.1,355.958505
Santa Barbara,Male,CRC,1119702,36.7,410.93063400000005
Santa Barbara,Female,CRC,1108905,28.8,319.36464
Santa Barbara,Male,Mela,1119702,33.9,379.578978
Santa Barbara,Female,Mela,1108905,21.9,242.85019499999999
Santa Barbara,Male,Uterine,1119702,0.0,0.0
Santa Barbara,Female,Uterine,1108905,28.1,311.602305
Santa Barbara,Male,Lymph,1119702,23.0,257.53146
Santa Barbara,Female,Lymph,1108905,14.6,161.90013
Santa Barbara,Male,Urinary,1119702,27.9,312.396858
Santa Barbara,Female,Urinary,1108905,7.9,87.60349500000001
Santa Barbara,Male,Kidney,1119702,18.8,210.50397600000002
Santa Barbara,Female,Kidney,1108905,10.6,117.54393
Santa Barbara,Male,Thyroid,1119702,6.8,76.139736
Santa Barbara,Female,Thyroid,1108905,20.5,227.325525
Santa Barbara,Male,Liver,1119702,13.5,151.15977
Santa Barbara,Female,Liver,1108905,4.6,51.009629999999994
Santa Barbara,Male,Pancreas,1119702,14.4,161.237088
Santa Barbara,Female,Pancreas,1108905,11.1,123.088455
Santa Barbara,Male,AllSite,1119702,492.8,5517.891456
Santa Barbara,Female,AllSite,1108905,428.6,4752.76683
Santa Clara,Male,Prostate,4929152,94.2,4643.261184
Santa Clara,Female,Prostate,4732181,0.0,0.0
Santa Clara,Male,Breast,4929152,0.9,44.362368000000004
Santa Clara,Female,Breast,4732181,124.0,5867.90444
Santa Clara,Male,Lung,4929152,36.5,1799.1404799999998
Santa Clara,Female,Lung,4732181,29.9,1414.922119
Santa Clara,Male,CRC,4929152,35.1,1730.132352
Santa Clara,Female,CRC,4732181,29.5,1395.993395
Santa Clara,Male,Mela,4929152,29.6,1459.0289920000002
Santa Clara,Female,Mela,4732181,17.7,837.5960369999999
Santa Clara,Male,Uterine,4929152,0.0,0.0
Santa Clara,Female,Uterine,4732181,26.8,1268.224508
Santa Clara,Male,Lymph,4929152,24.1,1187.925632
Santa Clara,Female,Lymph,4732181,16.7,790.274227
Santa Clara,Male,Urinary,4929152,25.3,1247.075456
Santa Clara,Female,Urinary,4732181,6.4,302.859584
Santa Clara,Male,Kidney,4929152,18.3,902.034816
Santa Clara,Female,Kidney,4732181,9.5,449.55719500000004
Santa Clara,Male,Thyroid,4929152,6.5,320.39487999999994
Santa Clara,Female,Thyroid,4732181,18.8,889.650028
Santa Clara,Male,Liver,4929152,14.1,695.0104319999999
Santa Clara,Female,Liver,4732181,6.0,283.93086
Santa Clara,Male,Pancreas,4929152,13.6,670.364672
Santa Clara,Female,Pancreas,4732181,11.3,534.7364530000001
Santa Clara,Male,AllSite,4929152,402.3,19829.978496000003
Santa Clara,Female,AllSite,4732181,378.6,17916.037266000003
Santa Cruz,Male,Prostate,676081,129.6,876.2009759999999
Santa Cruz,Female,Prostate,676637,0.0,0.0
Santa Cruz,Male,Breast,676081,0.7,4.7325669999999995
Santa Cruz,Female,Breast,676637,143.6,971.650732
Santa Cruz,Male,Lung,676081,37.1,250.826051
Santa Cruz,Female,Lung,676637,33.6,227.35003200000003
Santa Cruz,Male,CRC,676081,42.3,285.982263
Santa Cruz,Female,CRC,676637,31.7,214.493929
Santa Cruz,Male,Mela,676081,59.7,403.620357
Santa Cruz,Female,Mela,676637,36.6,247.649142
Santa Cruz,Male,Uterine,676081,0.0,0.0
Santa Cruz,Female,Uterine,676637,26.2,177.27889399999998
Santa Cruz,Male,Lymph,676081,27.8,187.950518
Santa Cruz,Female,Lymph,676637,20.4,138.033948
Santa Cruz,Male,Urinary,676081,35.9,242.713079
Santa Cruz,Female,Urinary,676637,8.2,55.484233999999994
Santa Cruz,Male,Kidney,676081,20.4,137.920524
Santa Cruz,Female,Kidney,676637,10.0,67.6637
Santa Cruz,Male,Thyroid,676081,6.2,41.917022
Santa Cruz,Female,Thyroid,676637,18.3,123.824571
Santa Cruz,Male,Liver,676081,12.4,83.834044
Santa Cruz,Female,Liver,676637,5.4,36.538398
Santa Cruz,Male,Pancreas,676081,13.8,93.29917800000001
Santa Cruz,Female,Pancreas,676637,11.7,79.166529
Santa Cruz,Male,AllSite,676081,509.1,3441.928371
Santa Cruz,Female,AllSite,676637,437.0,2956.9036899999996
Shasta,Male,Prostate,449882,101.8,457.979876
Shasta,Female,Prostate,459978,0.0,0.0
Shasta,Male,Breast,449882,0.5,2.24941
Shasta,Female,Breast,459978,128.4,590.611752
Shasta,Male,Lung,449882,60.6,272.628492
Shasta,Female,Lung,459978,52.0,239.18855999999997
Shasta,Male,CRC,449882,42.2,189.85020400000002
Shasta,Female,CRC,459978,31.3,143.973114
Shasta,Male,Mela,449882,43.6,196.14855200000002
Shasta,Female,Mela,459978,26.1,120.054258
Shasta,Male,Uterine,449882,0.0,0.0
Shasta,Female,Uterine,459978,24.4,112.23463199999999
Shasta,Male,Lymph,449882,22.4,100.773568
Shasta,Female,Lymph,459978,14.1,64.85689799999999
Shasta,Male,Urinary,449882,34.7,156.10905400000001
Shasta,Female,Urinary,459978,6.2,28.518636
Shasta,Male,Kidney,449882,19.2,86.37734400000001
Shasta,Female,Kidney,459978,9.7,44.617866
Shasta,Male,Thyroid,449882,6.7,30.142094
Shasta,Female,Thyroid,459978,15.9,73.13650200000001
Shasta,Male,Liver,449882,13.0,58.48466
Shasta,Female,Liver,459978,3.9,17.939142
Shasta,Male,Pancreas,449882,17.3,77.829586
Shasta,Female,Pancreas,459978,12.9,59.337162
Shasta,Male,AllSite,449882,510.0,2294.3982
Shasta,Female,AllSite,459978,427.3,1965.485994
Sierra,Male,Prostate,8197,84.1,6.893676999999999
Sierra,Female,Prostate,8029,0.0,0.0
Sierra,Male,Breast,8197,0.0,0.0
Sierra,Female,Breast,8029,99.2,7.964768
Sierra,Male,Lung,8197,25.9,2.123023
Sierra,Female,Lung,8029,28.4,2.280236
Sierra,Male,CRC,8197,31.2,2.557464
Sierra,Female,CRC,8029,15.7,1.260553
Sierra,Female,Mela,8029,15.0,1.2043499999999998
Sierra,Male,Uterine,8197,0.0,0.0
Sierra,Female,Uterine,8029,6.3,0.505827
Sierra,Male,Lymph,8197,4.0,0.32788
Sierra,Female,Lymph,8029,5.2,0.41750800000000005
Sierra,Male,Urinary,8197,0.0,0.0
Sierra,Female,Urinary,8029,21.2,1.702148
Sierra,Male,Kidney,8197,6.6,0.541002
Sierra,Female,Kidney,8029,0.0,0.0
Sierra,Male,Thyroid,8197,0.0,0.0
Sierra,Female,Thyroid,8029,5.0,0.40145000000000003
Sierra,Male,Liver,8197,0.0,0.0
Sierra,Female,Liver,8029,6.3,0.505827
Sierra,Male,Pancreas,8197,0.0,0.0
Sierra,Female,Pancreas,8029,0.0,0.0
Siskiyou,Male,Prostate,110345,70.2,77.46219
Siskiyou,Female,Prostate,110334,0.0,0.0
Siskiyou,Male,Breast,110345,0.0,0.0
Siskiyou,Female,Breast,110334,103.6,114.30602400000001
Siskiyou,Male,Lung,110345,54.7,60.35871500000001
Siskiyou,Female,Lung,110334,48.3,53.291322
Siskiyou,Male,CRC,110345,33.6,37.07592
Siskiyou,Female,CRC,110334,30.7,33.872538
Siskiyou,Male,Mela,110345,21.0,23.17245
Siskiyou,Female,Mela,110334,17.9,19.749786
Siskiyou,Male,Uterine,110345,0.0,0.0
Siskiyou,Female,Uterine,110334,16.6,18.315444000000003
Siskiyou,Male,Lymph,110345,23.1,25.489695
Siskiyou,Female,Lymph,110334,9.4,10.371396
Siskiyou,Male,Urinary,110345,26.1,28.800045
Siskiyou,Female,Urinary,110334,4.1,4.523693999999999
Siskiyou,Male,Kidney,110345,18.6,20.52417
Siskiyou,Female,Kidney,110334,10.6,11.695404
Siskiyou,Male,Thyroid,110345,2.3,2.5379349999999996
Siskiyou,Female,Thyroid,110334,8.9,9.819726000000001
Siskiyou,Male,Liver,110345,9.6,10.59312
Siskiyou,Female,Liver,110334,2.4,2.648016
Siskiyou,Male,Pancreas,110345,12.6,13.90347
Siskiyou,Female,Pancreas,110334,7.3,8.054382
Siskiyou,Male,AllSite,110345,392.0,432.5524
Siskiyou,Female,AllSite,110334,337.7,372.597918
Solano,Male,Prostate,1127810,93.0,1048.8633
Solano,Female,Prostate,1127257,0.0,0.0
Solano,Male,Breast,1127810,1.0,11.2781
Solano,Female,Breast,1127257,126.1,1421.471077
Solano,Male,Lung,1127810,49.1,553.75471
Solano,Female,Lung,1127257,46.8,527.556276
Solano,Male,CRC,1127810,38.7,436.46247000000005
Solano,Female,CRC,1127257,35.0,394.53995
Solano,Male,Mela,1127810,28.0,315.78679999999997
Solano,Female,Mela,1127257,14.7,165.70677899999998
Solano,Male,Uterine,1127810,0.0,0.0
Solano,Female,Uterine,1127257,29.4,331.41355799999997
Solano,Male,Lymph,1127810,21.5,242.47915
Solano,Female,Lymph,1127257,17.1,192.76094700000002
Solano,Male,Urinary,1127810,28.3,319.17023
Solano,Female,Urinary,1127257,6.6,74.398962
Solano,Male,Kidney,1127810,24.9,280.82469
Solano,Female,Kidney,1127257,14.2,160.07049399999997
Solano,Male,Thyroid,1127810,5.8,65.41298
Solano,Female,Thyroid,1127257,19.7,222.069629
Solano,Male,Liver,1127810,18.3,206.38923
Solano,Female,Liver,1127257,5.4,60.871878
Solano,Male,Pancreas,1127810,16.2,182.70521999999997
Solano,Female,Pancreas,1127257,11.3,127.380041
Solano,Male,AllSite,1127810,434.1,4895.8232100000005
Solano,Female,AllSite,1127257,414.8,4675.8620359999995
Sonoma,Male,Prostate,1211177,101.9,1234.1893630000002
Sonoma,Female,Prostate,1248603,0.0,0.0
Sonoma,Male,Breast,1211177,1.2,14.534124
Sonoma,Female,Breast,1248603,138.1,1724.3207429999998
Sonoma,Male,Lung,1211177,37.7,456.613729
Sonoma,Female,Lung,1248603,37.4,466.97752199999996
Sonoma,Male,CRC,1211177,39.9,483.259623
Sonoma,Female,CRC,1248603,30.6,382.072518
Sonoma,Male,Mela,1211177,52.6,637.079102
Sonoma,Female,Mela,1248603,34.8,434.51384399999995
Sonoma,Male,Uterine,1211177,0.0,0.0
Sonoma,Female,Uterine,1248603,26.5,330.879795
Sonoma,Male,Lymph,1211177,21.2,256.769524
Sonoma,Female,Lymph,1248603,15.6,194.782068
Sonoma,Male,Urinary,1211177,31.5,381.520755
Sonoma,Female,Urinary,1248603,8.7,108.62846099999999
Sonoma,Male,Kidney,1211177,21.6,261.614232
Sonoma,Female,Kidney,1248603,10.4,129.854712
Sonoma,Male,Thyroid,1211177,5.1,61.770027
Sonoma,Female,Thyroid,1248603,15.1,188.53905299999997
Sonoma,Male,Liver,1211177,12.7,153.819479
Sonoma,Female,Liver,1248603,4.9,61.18154700000001
Sonoma,Male,Pancreas,1211177,14.0,169.56477999999998
Sonoma,Female,Pancreas,1248603,10.6,132.351918
Sonoma,Male,AllSite,1211177,461.9,5594.426563
Sonoma,Female,AllSite,1248603,423.1,5282.839293000001
Stanislaus,Male,Prostate,1374143,98.6,1354.9049979999998
Stanislaus,Female,Prostate,1380079,0.0,0.0
Stanislaus,Male,Breast,1374143,0.8,10.993144
Stanislaus,Female,Breast,1380079,130.0,1794.1027
Stanislaus,Male,Lung,1374143,51.1,702.187073
Stanislaus,Female,Lung,1380079,40.6,560.312074
Stanislaus,Male,CRC,1374143,37.0,508.43291
Stanislaus,Female,CRC,1380079,34.1,470.606939
Stanislaus,Male,Mela,1374143,27.2,373.766896
Stanislaus,Female,Mela,1380079,17.1,235.99350900000002
Stanislaus,Male,Uterine,1374143,0.0,0.0
Stanislaus,Female,Uterine,1380079,25.7,354.68030300000004
Stanislaus,Male,Lymph,1374143,22.9,314.678747
Stanislaus,Female,Lymph,1380079,14.8,204.25169200000002
Stanislaus,Male,Urinary,1374143,28.8,395.75318400000003
Stanislaus,Female,Urinary,1380079,8.2,113.16647799999998
Stanislaus,Male,Kidney,1374143,26.1,358.651323
Stanislaus,Female,Kidney,1380079,13.3,183.550507
Stanislaus,Male,Thyroid,1374143,6.9,94.81586700000001
Stanislaus,Female,Thyroid,1380079,21.9,302.237301
Stanislaus,Male,Liver,1374143,14.3,196.502449
Stanislaus,Female,Liver,1380079,5.5,75.904345
Stanislaus,Male,Pancreas,1374143,13.5,185.509305
Stanislaus,Female,Pancreas,1380079,11.5,158.70908500000002
Stanislaus,Male,AllSite,1374143,448.3,6160.283069
Stanislaus,Female,AllSite,1380079,414.4,5719.047376
Sutter,Male,Prostate,248540,108.7,270.16298
Sutter,Female,Prostate,246975,0.0,0.0
Sutter,Male,Breast,248540,0.8,1.9883199999999999
Sutter,Female,Breast,246975,120.2,296.86395
Sutter,Male,Lung,248540,56.1,139.43094
Sutter,Female,Lung,246975,40.6,100.27185
Sutter,Male,CRC,248540,43.3,107.61782
Sutter,Female,CRC,246975,28.9,71.37577499999999
Sutter,Male,Mela,248540,15.9,39.517860000000006
Sutter,Female,Mela,246975,19.3,47.666175
Sutter,Male,Uterine,248540,0.0,0.0
Sutter,Female,Uterine,246975,22.6,55.81635000000001
Sutter,Male,Lymph,248540,18.1,44.98574
Sutter,Female,Lymph,246975,19.3,47.666175
Sutter,Male,Urinary,248540,29.6,73.56784
Sutter,Female,Urinary,246975,7.4,18.27615
Sutter,Male,Kidney,248540,19.9,49.45945999999999
Sutter,Female,Kidney,246975,9.6,23.709600000000002
Sutter,Male,Thyroid,248540,8.4,20.877360000000003
Sutter,Female,Thyroid,246975,16.3,40.256925
Sutter,Male,Liver,248540,19.3,47.96822
Sutter,Female,Liver,246975,9.2,22.721699999999995
Sutter,Male,Pancreas,248540,10.8,26.84232
Sutter,Female,Pancreas,246975,14.4,35.5644
Sutter,Male,AllSite,248540,453.4,1126.8803599999999
Sutter,Female,AllSite,246975,390.8,965.1783
"Shasta, Tehama",Male,Prostate,163184,90.2,147.191968
"Shasta, Tehama",Female,Prostate,163492,0.0,0.0
"Shasta, Tehama",Male,Breast,163184,1.4,2.284576
"Shasta, Tehama",Female,Breast,163492,119.0,194.55548000000002
"Shasta, Tehama",Male,Lung,163184,65.2,106.395968
"Shasta, Tehama",Female,Lung,163492,50.0,81.746
"Shasta, Tehama",Male,CRC,163184,44.9,73.269616
"Shasta, Tehama",Female,CRC,163492,36.2,59.184104000000005
"Shasta, Tehama",Male,Mela,163184,31.3,51.076592000000005
"Shasta, Tehama",Female,Mela,163492,22.4,36.622208
"Shasta, Tehama",Male,Uterine,163184,0.0,0.0
"Shasta, Tehama",Female,Uterine,163492,21.8,35.641256000000006
"Shasta, Tehama",Male,Lymph,163184,19.0,31.00496
"Shasta, Tehama",Female,Lymph,163492,16.5,26.97618
"Shasta, Tehama",Male,Urinary,163184,26.7,43.570128
"Shasta, Tehama",Female,Urinary,163492,6.1,9.973012
"Shasta, Tehama",Male,Kidney,163184,22.6,36.879584
"Shasta, Tehama",Female,Kidney,163492,10.1,16.512692
"Shasta, Tehama",Male,Thyroid,163184,1.1,1.7950240000000002
"Shasta, Tehama",Female,Thyroid,163492,16.5,26.97618
"Shasta, Tehama",Male,Liver,163184,13.5,22.02984
"Shasta, Tehama",Female,Liver,163492,7.5,12.261899999999999
"Shasta, Tehama",Male,Pancreas,163184,16.3,26.598992
"Shasta, Tehama",Female,Pancreas,163492,12.5,20.4365
"Shasta, Tehama",Male,AllSite,163184,469.4,765.9856959999998
"Shasta, Tehama",Female,AllSite,163492,440.3,719.855276
Trinity,Male,Prostate,41023,51.5,21.126845000000003
Trinity,Female,Prostate,38390,0.0,0.0
Trinity,Male,Breast,41023,1.0,0.41023000000000004
Trinity,Female,Breast,38390,72.4,27.79436
Trinity,Male,Lung,41023,47.6,19.526948
Trinity,Female,Lung,38390,38.9,14.93371
Trinity,Male,CRC,41023,28.2,11.568485999999998
Trinity,Female,CRC,38390,11.6,4.45324
Trinity,Male,Mela,41023,35.1,14.399073000000001
Trinity,Female,Mela,38390,17.7,6.79503
Trinity,Male,Uterine,41023,0.0,0.0
Trinity,Female,Uterine,38390,21.1,8.100290000000001
Trinity,Male,Lymph,41023,13.6,5.579128
Trinity,Female,Lymph,38390,8.2,3.1479799999999996
Trinity,Male,Urinary,41023,13.2,5.415036
Trinity,Female,Urinary,38390,6.6,2.53374
Trinity,Male,Kidney,41023,12.4,5.086852
Trinity,Female,Kidney,38390,1.5,0.57585
Trinity,Male,Thyroid,41023,4.2,1.7229660000000002
Trinity,Female,Thyroid,38390,8.7,3.3399299999999994
Trinity,Male,Liver,41023,14.0,5.743219999999999
Trinity,Female,Liver,38390,2.0,0.7678
Trinity,Male,Pancreas,41023,8.8,3.6100240000000006
Trinity,Female,Pancreas,38390,7.8,2.99442
Trinity,Male,AllSite,41023,327.3,134.268279
Trinity,Female,AllSite,38390,280.8,107.79912
Tulare,Male,Prostate,1183384,91.9,1087.529896
Tulare,Female,Prostate,1171391,0.0,0.0
Tulare,Male,Breast,1183384,0.5,5.91692
Tulare,Female,Breast,1171391,105.0,1229.96055
Tulare,Male,Lung,1183384,35.4,418.917936
Tulare,Female,Lung,1171391,27.8,325.64669799999996
Tulare,Male,CRC,1183384,37.4,442.58561599999996
Tulare,Female,CRC,1171391,28.3,331.503653
Tulare,Male,Mela,1183384,18.1,214.192504
Tulare,Female,Mela,1171391,10.5,122.996055
Tulare,Male,Uterine,1183384,0.0,0.0
Tulare,Female,Uterine,1171391,24.5,286.990795
Tulare,Male,Lymph,1183384,18.8,222.47619200000003
Tulare,Female,Lymph,1171391,12.9,151.10943899999998
Tulare,Male,Urinary,1183384,24.8,293.479232
Tulare,Female,Urinary,1171391,5.0,58.56955
Tulare,Male,Kidney,1183384,22.0,260.34448000000003
Tulare,Female,Kidney,1171391,12.5,146.423875
Tulare,Male,Thyroid,1183384,5.2,61.535968000000004
Tulare,Female,Thyroid,1171391,17.0,199.13647
Tulare,Male,Liver,1183384,16.3,192.891592
Tulare,Female,Liver,1171391,5.6,65.597896
Tulare,Male,Pancreas,1183384,10.6,125.438704
Tulare,Female,Pancreas,1171391,10.1,118.310491
Tulare,Male,AllSite,1183384,389.3,4606.913912
Tulare,Female,AllSite,1171391,347.2,4067.069552
Tuolumne,Male,Prostate,142757,104.5,149.181065
Tuolumne,Female,Prostate,133031,0.0,0.0
Tuolumne,Male,Breast,142757,1.1,1.5703270000000003
Tuolumne,Female,Breast,133031,131.0,174.27061
Tuolumne,Male,Lung,142757,46.8,66.810276
Tuolumne,Female,Lung,133031,47.0,62.52457
Tuolumne,Male,CRC,142757,32.7,46.68153900000001
Tuolumne,Female,CRC,133031,27.2,36.184432
Tuolumne,Male,Mela,142757,37.2,53.10560400000001
Tuolumne,Female,Mela,133031,25.7,34.188967000000005
Tuolumne,Male,Uterine,142757,0.0,0.0
Tuolumne,Female,Uterine,133031,29.3,38.978083000000005
Tuolumne,Male,Lymph,142757,19.9,28.408642999999998
Tuolumne,Female,Lymph,133031,11.6,15.431596
Tuolumne,Male,Urinary,142757,28.3,40.400231
Tuolumne,Female,Urinary,133031,12.4,16.495844
Tuolumne,Male,Kidney,142757,22.8,32.548596
Tuolumne,Female,Kidney,133031,11.4,15.165534000000001
Tuolumne,Male,Thyroid,142757,7.2,10.278504
Tuolumne,Female,Thyroid,133031,12.7,16.894937
Tuolumne,Male,Liver,142757,12.7,18.130139
Tuolumne,Female,Liver,133031,4.8,6.3854880000000005
Tuolumne,Male,Pancreas,142757,16.4,23.412147999999995
Tuolumne,Female,Pancreas,133031,11.7,15.564627
Tuolumne,Male,AllSite,142757,442.3,631.414211
Tuolumne,Female,AllSite,133031,410.5,546.092255
"Ventura, Kern",Male,Prostate,2106306,121.4,2557.055484
"Ventura, Kern",Female,Prostate,2119032,0.0,0.0
"Ventura, Kern",Male,Breast,2106306,0.8,16.850448
"Ventura, Kern",Female,Breast,2119032,139.1,2947.573512
"Ventura, Kern",Male,Lung,2106306,35.9,756.163854
"Ventura, Kern",Female,Lung,2119032,35.6,754.375392
"Ventura, Kern",Male,CRC,2106306,38.0,800.39628
"Ventura, Kern",Female,CRC,2119032,30.6,648.423792
"Ventura, Kern",Male,Mela,2106306,35.9,756.163854
"Ventura, Kern",Female,Mela,2119032,20.5,434.40156
"Ventura, Kern",Male,Uterine,2106306,0.0,0.0
"Ventura, Kern",Female,Uterine,2119032,27.2,576.376704
"Ventura, Kern",Male,Lymph,2106306,22.1,465.493626
"Ventura, Kern",Female,Lymph,2119032,16.7,353.87834399999997
"Ventura, Kern",Male,Urinary,2106306,28.6,602.4035160000001
"Ventura, Kern",Female,Urinary,2119032,7.5,158.92739999999998
"Ventura, Kern",Male,Kidney,2106306,19.8,417.04858800000005
"Ventura, Kern",Female,Kidney,2119032,9.8,207.66513600000002
"Ventura, Kern",Male,Thyroid,2106306,7.7,162.185562
"Ventura, Kern",Female,Thyroid,2119032,21.9,464.06800799999996
"Ventura, Kern",Male,Liver,2106306,13.1,275.926086
"Ventura, Kern",Female,Liver,2119032,5.1,108.070632
"Ventura, Kern",Male,Pancreas,2106306,12.8,269.607168
"Ventura, Kern",Female,Pancreas,2119032,10.8,228.85545600000003
"Ventura, Kern",Male,AllSite,2106306,461.9,9729.027414
"Ventura, Kern",Female,AllSite,2119032,421.0,8921.12472
Yolo,Male,Prostate,526640,97.4,512.94736
Yolo,Female,Prostate,552349,0.0,0.0
Yolo,Male,Breast,526640,2.1,11.05944
Yolo,Female,Breast,552349,142.8,788.754372
Yolo,Male,Lung,526640,42.9,225.92855999999998
Yolo,Female,Lung,552349,41.6,229.777184
Yolo,Male,CRC,526640,39.2,206.44288000000003
Yolo,Female,CRC,552349,26.3,145.267787
Yolo,Male,Mela,526640,27.2,143.24608
Yolo,Female,Mela,552349,21.6,119.30738400000001
Yolo,Male,Uterine,526640,0.0,0.0
Yolo,Female,Uterine,552349,29.1,160.733559
Yolo,Male,Lymph,526640,28.3,149.03912
Yolo,Female,Lymph,552349,13.7,75.671813
Yolo,Male,Urinary,526640,28.8,151.67232
Yolo,Female,Urinary,552349,8.3,45.844967000000004
Yolo,Male,Kidney,526640,21.8,114.80752000000001
Yolo,Female,Kidney,552349,12.0,66.28188
Yolo,Male,Thyroid,526640,5.6,29.49184
Yolo,Female,Thyroid,552349,21.3,117.650337
Yolo,Male,Liver,526640,12.5,65.83
Yolo,Female,Liver,552349,5.0,27.61745
Yolo,Male,Pancreas,526640,13.7,72.14968
Yolo,Female,Pancreas,552349,12.5,69.043625
Yolo,Male,AllSite,526640,420.4,2213.9945599999996
Yolo,Female,AllSite,552349,418.0,2308.81882
Yuba,Male,Prostate,205837,116.2,239.18259400000002
Yuba,Female,Prostate,196337,0.0,0.0
Yuba,Male,Breast,205837,0.0,0.0
Yuba,Female,Breast,196337,99.9,196.14066300000002
Yuba,Male,Lung,205837,68.1,140.174997
Yuba,Female,Lung,196337,69.5,136.454215
Yuba,Male,CRC,205837,47.1,96.94922700000001
Yuba,Female,CRC,196337,29.0,56.93773
Yuba,Male,Mela,205837,24.2,49.812554
Yuba,Female,Mela,196337,17.1,33.573627
Yuba,Male,Uterine,205837,0.0,0.0
Yuba,Female,Uterine,196337,25.5,50.065935
Yuba,Male,Lymph,205837,17.0,34.992290000000004
Yuba,Female,Lymph,196337,15.4,30.235898
Yuba,Male,Urinary,205837,30.5,62.780285
Yuba,Female,Urinary,196337,8.7,17.081318999999997
Yuba,Male,Kidney,205837,19.6,40.344052000000005
Yuba,Female,Kidney,196337,14.5,28.468865
Yuba,Male,Thyroid,205837,7.5,15.437774999999998
Yuba,Female,Thyroid,196337,16.1,31.610257
Yuba,Male,Liver,205837,12.0,24.70044
Yuba,Female,Liver,196337,6.4,12.565567999999999
Yuba,Male,Pancreas,205837,16.8,34.580616000000006
Yuba,Female,Pancreas,196337,11.4,22.382418
Yuba,Male,AllSite,205837,484.2,996.662754
Yuba,Female,AllSite,196337,423.8,832.0762060000001
